{
    "sceneEffectParticleBlue": {
        "count": 1,
        "emit": 1,
        "frequency": 41.209999084472656,
        "frequencyTime": 88.5999984741211,
        "radius": 1.0,
        "rangeAlpha_max": 1.0,
        "rangeAlpha_min": 1.0,
        "rangeColor_max": [
            0.4000000059604645,
            0.4000000059604645,
            1.0
        ],
        "rangeColor_min": [
            0.4000000059604645,
            0.4000000059604645,
            1.0
        ],
        "rangeCurrentTime_max": 12.699999809265137,
        "rangeCurrentTime_min": 0.699999988079071,
        "rangeLifeTime_max": 17.299999237060547,
        "rangeLifeTime_min": 0.10000000149011612,
        "rangeScale_max": [
            1.0,
            1.0,
            1.0
        ],
        "rangeScale_min": [
            1.0,
            1.0,
            1.0
        ],
        "rangeTranslate_max": [
            100.0,
            100.0,
            100.0
        ],
        "rangeTranslate_min": [
            -100.0,
            -100.0,
            -10.0
        ],
        "rangeVelocity_max": [
            0.0,
            0.009999999776482582,
            0.0
        ],
        "rangeVelocity_min": [
            0.0,
            0.0,
            0.0
        ],
        "translate": [
            0.0,
            0.0,
            0.0
        ]
    }
}
