{
    "unitDeadParticle": {
        "count": 300,
        "emit": 1,
        "frequency": 0.10000000149011612,
        "frequencyTime": 0.10000000149011612,
        "radius": 1.0,
        "rangeAlpha_max": 0.699999988079071,
        "rangeAlpha_min": 0.10000000149011612,
        "rangeColor_max": [
            1.0,
            1.0,
            1.0
        ],
        "rangeColor_min": [
            1.0,
            1.0,
            1.0
        ],
        "rangeCurrentTime_max": 5.0,
        "rangeCurrentTime_min": 0.0,
        "rangeLifeTime_max": 1.0,
        "rangeLifeTime_min": 0.0,
        "rangeScale_max": [
            0.20000000298023224,
            0.20000000298023224,
            0.20000000298023224
        ],
        "rangeScale_min": [
            0.10000000149011612,
            0.10000000149011612,
            0.10000000149011612
        ],
        "rangeTranslate_max": [
            0.5,
            0.5,
            0.5
        ],
        "rangeTranslate_min": [
            -0.5,
            -0.5,
            -0.5
        ],
        "rangeVelocity_max": [
            0.05000000074505806,
            0.019999999552965164,
            0.009999999776482582
        ],
        "rangeVelocity_min": [
            -0.05000000074505806,
            0.0,
            -0.009999999776482582
        ],
        "translate": [
            0.0,
            1.399999976158142,
            0.0
        ]
    }
}
